feature,importance
hour_cos,0.1272887517495376
per_capita_gla,0.07758386994505452
gross_leasable_area_sqm,0.07643700486048956
per_capita_gfa,0.06024364236549115
num_beds,0.0594149989418273
time_period_night,0.05379827142971113
log1p_num_beds,0.04442774941239012
gla_x_hour,0.04419326900506031
gross_floor_area_sqm,0.04033147279682274
temp_x_beds,0.037797201747742155
staff_count,0.03469595870075369
log1p_gross_floor_area_sqm,0.025490847629778404
time_period_evening,0.0252171723607608
log1p_gross_leasable_area_sqm,0.024543323373516168
time_period_morning,0.02396343222314382
hour,0.019929220773686626
time_period_afternoon,0.019708914410232727
visitor_capacity,0.018523603809299488
type_hospital_1,0.01617798885589932
gfa_x_hour,0.013481215238395136
is_weekday_office_hour,0.01313719158321399
is_peak_hour,0.012216508183809906
development_type_hospital,0.011938091018857249
is_peak_hour_morning,0.011773993705052575
num_units,0.010382538266028645
hour_sin,0.009049760902073102
num_residents,0.008343000216137129
temp_x_visitors,0.00797658364801507
is_peak_hour_evening,0.007385637528814562
type_hospital_0,0.006997483537493466
development_type_mall,0.0049738640262424845
type_mall_1,0.00446040123285588
log1p_num_residents,0.00360167858751215
is_weekend,0.003040657332949513
is_weekday_morning,0.0029747300456493034
temp_x_residents,0.002749434157758415
num_students,0.0019864385040028114
type_x_is_weekend_mall_we1,0.0017937944103659387
type_mall_0,0.0017387854908017786
temp_x_students,0.0013700020950327206
zone_id_Z09,0.0012714431039512974
log1p_num_employees,0.0012437717966410126
type_x_is_weekend_mall_we0,0.00117046525595662
num_employees,0.0010877993575188053
activity_x_cooling,0.00108194204733538
temp_x_employees,0.0010482310618780742
type_office_1,0.000996543966429655
type_x_is_weekend_office_we1,0.0008682866157472405
day_of_week,0.000861011072442577
log1p_num_students,0.0008142580099318894
day_of_year,0.0008044769249940986
week_of_year,0.0007870933261541759
floors,0.0007751962719326573
type_x_is_weekend_school_we0,0.0007664632516370337
type_office_0,0.0007631549267302043
development_type_office,0.000706336980634898
zone_id_Z16,0.0007058187477772117
cooling_degree,0.0007032324578250113
type_x_hour_hospital_h5,0.000661870083159431
dow_sin,0.0006591220052818205
type_residential_compound_0,0.0006550558838203421
temperature_c,0.0006535302025404615
type_residential_compound_1,0.0006116524404800903
month_cos,0.0005928432713377533
month,0.0005841544818759269
zone_id_Z12,0.00041244509965057376
zone_id_Z24,0.0004100936094070054
month_sin,0.0004013463355969874
type_x_hour_infrequent_sklearn,0.00038155626910269625
zone_id_Z15,0.00036647481939231066
type_x_is_weekend_school_we1,0.000348159293763641
dow_cos,0.00033075855784814236
zone_id_Z17,0.0003287748565022992
zone_id_Z21,0.00032681600673558215
development_type_residential_compound,0.00030433474362050633
type_x_is_weekend_office_we0,0.0002773197985408785
zone_id_Z19,0.00027686455699354545
zone_id_Z22,0.00021580646392200896
zone_id_Z04,0.0002046384982418809
zone_id_Z01,0.00019975597706000276
zone_id_Z02,0.00019949467409519138
type_x_hour_hospital_h23,0.00018840303528262135
type_school_0,0.0001872101221929297
type_x_hour_hospital_h4,0.000162489501820065
zone_id_Z08,0.00016195633828867704
zone_id_Z06,0.0001544436084281399
zone_id_Z10,0.00014714035555245204
type_x_hour_hospital_h20,0.00014526292713715942
zone_id_Z05,0.00012434703848721875
development_type_school,0.00011143605999759891
zone_id_Z03,0.00010823157791995476
heating_degree,0.00010333755575299011
zone_id_Z13,0.00010207055160564612
zone_id_Z18,9.615319505648487e-05
type_x_hour_hospital_h6,9.569814273714042e-05
type_x_hour_hospital_h19,8.474963528436764e-05
type_x_hour_hospital_h0,8.304103518675118e-05
type_school_1,7.92847358644002e-05
zone_id_Z07,7.119891610343697e-05
type_x_hour_hospital_h8,6.713037797694142e-05
type_x_hour_hospital_h7,6.41017108873065e-05
type_x_hour_office_h7,5.937875678723946e-05
type_x_is_weekend_residential_compound_we0,5.760696712501741e-05
type_x_hour_hospital_h18,5.323846931035056e-05
type_x_is_weekend_hospital_we0,5.102675151903616e-05
zone_id_Z20,5.069588623659846e-05
type_x_is_weekend_hospital_we1,4.680016302219585e-05
type_x_hour_office_h6,3.8080107662777336e-05
zone_id_Z23,3.4775024304125706e-05
type_x_hour_hospital_h21,3.431902225212289e-05
type_x_hour_office_h8,2.535730502321942e-05
type_x_is_weekend_residential_compound_we1,2.3719332606236533e-05
type_x_hour_office_h20,1.7545153995217645e-05
type_x_hour_hospital_h3,1.574210152863753e-05
type_x_hour_office_h5,1.4649223173290552e-05
type_x_hour_office_h18,1.3950216412782494e-05
type_x_hour_office_h17,1.2292071929687352e-05
type_x_hour_office_h19,1.2204705832299264e-05
type_x_hour_hospital_h22,1.1713393132976076e-05
type_x_hour_office_h9,1.1296192126561585e-05
type_x_hour_office_h21,9.094107530083148e-06
type_x_hour_office_h11,9.036613225467888e-06
type_x_hour_office_h12,8.740611850829002e-06
type_x_hour_hospital_h1,7.221970759217132e-06
type_x_hour_school_h9,6.232465263553877e-06
type_x_hour_office_h4,5.494641851688658e-06
type_x_hour_office_h23,5.457533749903471e-06
type_x_hour_hospital_h2,5.263542642620021e-06
type_x_hour_office_h13,4.299921932770102e-06
type_x_hour_office_h14,3.444262558756884e-06
type_x_hour_office_h15,3.1332805662849374e-06
type_x_hour_hospital_h9,2.9263286142303977e-06
type_x_hour_office_h16,2.5853685809686785e-06
type_x_hour_office_h10,2.2035978666188804e-06
type_x_hour_office_h22,1.7995296714194419e-06
type_x_hour_hospital_h17,1.7919002459465238e-06
type_x_hour_office_h3,1.086876857233376e-06
type_x_hour_hospital_h10,1.0241076231544438e-06
type_x_hour_office_h2,1.4102261070329852e-07
type_x_hour_hospital_h16,6.66411930899911e-08
type_x_hour_office_h1,5.101253155930951e-10
type_x_hour_hospital_h11,4.969374419723477e-10
type_x_hour_office_h0,1.9545370748108562e-10
type_x_hour_hospital_h14,0.0
type_x_hour_hospital_h13,-5.978062946428206e-24
type_x_hour_hospital_h12,-2.6784171328058677e-22
type_x_hour_hospital_h15,-2.5266616336499053e-21
